Date,Open,High,Low,Close,Adj Close,Volume,SMA_5,SMA_10,SMA_20,SMA_50,SMA_100,SMA_200,RSI_14,MACD,MACD_signal,MACD_hist,BB_upper,BB_middle,BB_lower,STOCH_k,STOCH_d,ticker
2023-12-13,24.84000015258789,26.299999237060547,24.84000015258789,26.266000747680664,26.266000747680664,37600,,,,,,,,,,,,,,,,AUMI
2023-12-14,27.450000762939453,27.450000762939453,27.165000915527344,27.165000915527344,27.165000915527344,300,,,,,,,,,,,,,,,,AUMI
2023-12-15,26.989999771118164,27.010000228881836,26.84600067138672,26.84600067138672,26.84600067138672,200,,,,,,,,,,,,,,,,AUMI
2023-12-18,27.190000534057617,27.190000534057617,27.079999923706055,27.111000061035156,27.111000061035156,200,,,,,,,,,,,,,,,,AUMI
2023-12-19,27.6200008392334,28.079999923706055,27.6200008392334,28.051000595092773,28.051000595092773,14500,27.087800598144533,,,,,,,,,,,,,,,AUMI
2023-12-20,28.100000381469727,28.15999984741211,27.420000076293945,27.45599937438965,27.45599937438965,2600,27.325800323486327,,,,,,,,,,,,,,,AUMI
2023-12-21,27.6200008392334,28.079999923706055,27.200000762939453,28.052000045776367,28.052000045776367,600,27.503200149536134,,,,,,,,,,,,,,,AUMI
2023-12-22,28.729999542236328,28.729999542236328,28.309999465942383,28.312000274658203,28.312000274658203,1100,27.79640007019043,,,,,,,,,,,,,,,AUMI
2023-12-26,28.31999969482422,28.420000076293945,28.31999969482422,28.3799991607666,28.3799991607666,800,28.050199890136717,,,,,,,,,,,,,,,AUMI
2023-12-27,28.540000915527344,28.579999923706055,28.540000915527344,28.56100082397461,28.56100082397461,300,28.152199935913085,27.620000267028807,,,,,,,,,,,,,,AUMI
2023-12-28,28.3799991607666,28.3799991607666,27.639999389648438,27.7810001373291,27.7810001373291,2300,28.217200088500977,27.771500205993654,,,,,,,,,,,,,,AUMI
2023-12-29,27.610000610351562,27.610000610351562,27.290000915527344,27.381999969482422,27.381999969482422,2800,28.08320007324219,27.79320011138916,,,,,,,,,,,,,,AUMI
2024-01-02,27.43199920654297,27.43199920654297,26.958999633789062,26.958999633789062,26.958999633789062,200,27.81259994506836,27.804500007629393,,,,,,,,,,,,,,AUMI
2024-01-03,26.020000457763672,26.020000457763672,25.83300018310547,25.83300018310547,25.83300018310547,4100,27.30320014953613,27.676700019836424,,,,,,,,,,,,,,AUMI
2024-01-04,25.780000686645508,25.979999542236328,25.725000381469727,25.725000381469727,25.725000381469727,900,26.736000061035156,27.444099998474123,,,,,46.11294655753755,,,,,,,,,AUMI
2024-01-05,25.799999237060547,26.280000686645508,25.719999313354492,25.78700065612793,25.78700065612793,2400,26.337200164794922,27.277200126647948,,,,,46.625062883894564,,,,,,,,,AUMI
2024-01-08,25.510000228881836,25.7450008392334,25.489999771118164,25.7450008392334,25.7450008392334,1500,26.009800338745116,27.046500205993652,,,,,46.304035929996765,,,,,,,,,AUMI
2024-01-09,25.799999237060547,25.799999237060547,25.56800079345703,25.56800079345703,25.56800079345703,2000,25.73160057067871,26.772100257873536,,,,,44.90093749183305,,,,,,,4.167933695477269,5.5947909090910075,AUMI
2024-01-10,25.59000015258789,25.672000885009766,25.549999237060547,25.672000885009766,25.672000885009766,1700,25.69940071105957,26.501300430297853,,,,,45.93753500982892,,,,,,,5.298387250276144,4.277258310283142,AUMI
2024-01-11,25.56999969482422,25.56999969482422,25.229999542236328,25.39299964904785,25.39299964904785,3200,25.633000564575195,26.184500312805177,26.902250289916992,,,,43.56940949035749,,,,29.003713935862788,26.902250289916992,24.800786643971197,4.227301255617938,4.564540733790451,AUMI
2024-01-12,26.360000610351562,26.65999984741211,26.360000610351562,26.42300033569336,26.42300033569336,5900,25.76020050048828,26.0487003326416,26.910100269317628,,,,53.16778616067266,,,,29.003154586398498,26.910100269317628,24.817045952236757,14.786733863875073,8.104140789923052,AUMI
2024-01-16,25.65999984741211,25.65999984741211,25.018999099731445,25.018999099731445,25.018999099731445,5100,25.61500015258789,25.812400245666502,26.802800178527832,,,,42.544844546917346,,,,29.04714440238286,26.802800178527832,24.558455954672805,12.914294288271947,10.642776469254988,AUMI
2024-01-17,24.719999313354492,24.719999313354492,24.510000228881836,24.68899917602539,24.68899917602539,800,25.43919982910156,25.585400199890138,26.694950103759766,,,,40.49676158229099,,,,29.12060715284171,26.694950103759766,24.26929305467782,12.827915271670435,13.509647807939153,AUMI
2024-01-18,25.260000228881836,25.260000228881836,24.719999313354492,24.827999114990234,24.827999114990234,900,25.270399475097655,25.484900093078615,26.58080005645752,,,,41.76834596024209,,,,29.129166763206815,26.58080005645752,24.032433349708224,4.205012202607613,9.982407254183334,AUMI
2024-01-19,24.989999771118164,24.989999771118164,24.65999984741211,24.889999389648438,24.889999389648438,200,25.169799423217775,25.401399993896483,26.422749996185303,,,,42.36003291276671,,,,28.97886365564487,26.422749996185303,23.866636336725737,8.291024181165737,8.441317218481265,AUMI
2024-01-22,24.690000534057617,24.71500015258789,24.690000534057617,24.71500015258789,24.71500015258789,200,24.82819938659668,25.29419994354248,26.285700035095214,,,,41.09090385993966,,,,28.89881069537851,26.285700035095214,23.672589374811917,9.163602056683965,7.21987948015244,AUMI
2024-01-23,24.799999237060547,25.3700008392334,24.799999237060547,25.357999801635742,25.357999801635742,1700,24.89599952697754,25.255499839782715,26.151000022888184,,,,47.33450217686568,,,,28.661763522068718,26.151000022888184,23.64023652370765,19.571875337536525,12.342167191795411,AUMI
2024-01-24,26.079999923706055,26.079999923706055,25.094999313354492,25.094999313354492,25.094999313354492,3200,24.97719955444336,25.20819969177246,25.990149974822998,,,,45.22322790360844,,,,28.33311507892594,25.990149974822998,23.647184870720057,24.55561821584295,17.763698536687816,AUMI
2024-01-25,25.889999389648438,25.889999389648438,25.545000076293945,25.667999267578125,25.667999267578125,200,25.145199584960938,25.2077995300293,25.854549980163576,,,,50.412665799792975,,,,27.926847360889028,25.854549980163576,23.782252599438124,40.1705140408977,28.09933586475906,AUMI
2024-01-26,25.790000915527344,25.790000915527344,25.5,25.56999969482422,25.56999969482422,1500,25.281199645996093,25.225499534606932,25.704999923706055,,,,49.54808607963464,,,,27.365172835062197,25.704999923706055,24.044827012349913,43.45733467350473,36.06115564341513,AUMI
2024-01-29,25.479999542236328,25.479999542236328,25.281999588012695,25.389999389648438,25.389999389648438,300,25.416199493408204,25.12219944000244,25.58544988632202,,,,47.92239639284379,,,,26.948129210207657,25.58544988632202,24.222770562436384,48.030980078701056,43.88627626436783,AUMI
2024-01-30,25.739999771118164,25.739999771118164,25.290000915527344,25.398000717163086,25.398000717163086,800,25.424199676513673,25.160099601745607,25.486249923706055,,,,48.00406471837748,,,,26.572086655151523,25.486249923706055,24.400413192260586,43.844955298541514,45.11109001691577,AUMI
2024-01-31,25.540000915527344,25.799999237060547,25.170000076293945,25.183000564575195,25.183000564575195,4100,25.441799926757813,25.209499740600585,25.39744997024536,,,,45.92020774443209,,,,26.253074521944548,25.39744997024536,24.541825418546175,37.8449677184883,43.24030103191029,AUMI
2024-02-01,25.229999542236328,26.360000610351562,25.229999542236328,26.360000610351562,26.360000610351562,4100,25.5802001953125,25.362699890136717,25.423799991607666,,,,56.940260796171174,-0.5256208032573326,-0.8227442657835979,0.2971234625262653,26.36010978453762,25.423799991607666,24.487490198677712,52.8837490023382,44.857890673122675,AUMI
2024-02-02,25.479999542236328,25.479999542236328,24.989999771118164,25.34000015258789,25.34000015258789,4700,25.534200286865236,25.407699966430663,25.404549980163573,,,,47.84185590476715,-0.5012664334580101,-0.7584486993184804,0.2571822658604702,26.331077866526353,25.404549980163573,24.478022093800792,54.071247625473426,48.26665478209998,AUMI
2024-02-05,24.790000915527344,24.790000915527344,24.559999465942383,24.610000610351562,24.610000610351562,2200,25.37820053100586,25.39720001220703,25.345699977874755,,,,42.595944361354206,-0.5347065182271571,-0.7137002631002157,0.17899374487305864,26.31606520264045,25.345699977874755,24.375334753109062,45.438940346089076,50.79797899130023,AUMI
2024-02-06,25.014999389648438,25.014999389648438,24.8799991607666,24.934999465942383,24.934999465942383,200,25.28560028076172,25.354899978637697,25.305199909210206,,,,45.46307523384923,-0.528886658631901,-0.6767375422065528,0.14785088357465181,26.273132961497964,25.305199909210206,24.337266856922447,23.701198829466676,41.07046226700973,AUMI
2024-02-07,24.80500030517578,24.80500030517578,24.70800018310547,24.70800018310547,24.70800018310547,900,25.190600204467774,25.316200065612794,25.262199878692627,,,,43.81690781041519,-0.5364079460854896,-0.6486716229823402,0.11226367689685057,26.255686176953958,25.262199878692627,24.268713580431296,11.487000611901243,26.875713262485665,AUMI
2024-02-08,24.65999984741211,24.65999984741211,24.610000610351562,24.625,24.625,800,24.84360008239746,25.21190013885498,25.20984983444214,,,,43.20095451206415,-0.5428088788272234,-0.6274990741513168,0.08469019532409339,26.221615756197934,25.20984983444214,24.198083912686343,10.888905136663212,15.35903485934371,AUMI
2024-02-09,24.549999237060547,24.549999237060547,24.219999313354492,24.440000534057617,24.440000534057617,1400,24.663600158691406,25.09890022277832,25.162199878692626,,,,41.79081209141919,-0.5563957906080041,-0.6132784174426542,0.05688262683465006,26.22352594802154,25.162199878692626,24.100873809363712,7.371273321803471,9.915726356789309,AUMI
2024-02-12,24.290000915527344,24.68000030517578,24.290000915527344,24.639999389648438,24.639999389648438,2700,24.66959991455078,25.02390022277832,25.07304983139038,,,,43.92191550575641,-0.544745789527493,-0.599571891859622,0.054826102332129034,25.98477194551192,25.07304983139038,24.161327717268843,11.17257434096931,9.810917599811999,AUMI
2024-02-13,23.780000686645508,23.860000610351562,23.50200080871582,23.50200080871582,23.50200080871582,2300,24.38300018310547,24.834300231933593,24.997199916839598,,,,35.87387477603383,-0.6201908801567306,-0.6036956895190437,-0.016495190637686896,26.13793612001694,24.997199916839598,23.856463713662258,9.968861512609738,9.504236391794175,AUMI
2024-02-14,23.65999984741211,23.850000381469727,23.65999984741211,23.834999084472656,23.834999084472656,200,24.208399963378906,24.69950008392334,24.954499912261962,,,,39.374527103877064,-0.6456686142912673,-0.6120902744734884,-0.03357833981777891,26.19753271122543,24.954499912261962,23.711467113298493,10.42586830715169,10.52243472024358,AUMI
2024-02-15,24.139999389648438,24.709999084472656,24.139999389648438,24.589000701904297,24.589000701904297,2100,24.201200103759767,24.522400093078613,24.942549991607667,,,,46.49665679626068,-0.5981234779429663,-0.6092969151673839,0.01117343722441766,26.194778717159174,24.942549991607667,23.69032126605616,16.56167795081247,12.318802590191302,AUMI
2024-02-16,24.790000915527344,24.790000915527344,24.559999465942383,24.625,24.625,900,24.238199996948243,24.450900077819824,24.929300022125243,,,,46.81789464111709,-0.5511850541417296,-0.5976745429622531,0.046489488820523506,26.18905786417742,24.929300022125243,23.669542180073066,29.659406773156974,18.88231767704038,AUMI
2024-02-20,24.989999771118164,24.989999771118164,24.707000732421875,24.707000732421875,24.707000732421875,200,24.25160026550293,24.460600090026855,24.928900051116944,,,,47.58981038033137,-0.501587255652499,-0.5784570855003023,0.07686982984780333,26.188934847751025,24.928900051116944,23.668865254482863,39.82970894801063,28.683597890660025,AUMI
2024-02-21,24.780000686645508,24.780000686645508,24.559999465942383,24.632999420166016,24.632999420166016,900,24.47779998779297,24.430400085449218,24.892650032043456,,,,46.92783586581491,-0.4629157261254804,-0.555348813625338,0.09243308749985757,26.1428970279198,24.892650032043456,23.64240303616711,40.34287341401859,36.61066304506207,AUMI
2024-02-22,25.040000915527344,25.040000915527344,24.13599967956543,24.13599967956543,24.13599967956543,3100,24.538000106811523,24.373200035095216,24.844700050354003,,,,42.63813579403303,-0.4669888292946638,-0.5376768167592031,0.0706879874645393,26.133201370715625,24.844700050354003,23.55619872999238,37.92932519141252,39.36730251781392,AUMI
2024-02-23,24.299999237060547,24.6200008392334,24.209999084472656,24.579999923706055,24.579999923706055,3300,24.536199951171874,24.36870002746582,24.7903000831604,,,,47.275003363024595,-0.42943937407645905,-0.5160293282226542,0.08658995414619519,26.025956644687145,24.7903000831604,23.554643521633654,47.23886297345319,41.83702052629477,AUMI
2024-02-26,24.399999618530273,24.399999618530273,24.149999618530273,24.149999618530273,24.149999618530273,900,24.44119987487793,24.339699935913085,24.719300079345704,25.693720054626464,,,43.599216209703755,-0.42942840787591763,-0.4987091441533069,0.06928073627738929,25.93053654510786,24.719300079345704,23.50806361358355,48.09202205914526,44.42007007467033,AUMI
2024-02-27,24.290000915527344,24.290000915527344,24.05699920654297,24.05699920654297,24.05699920654297,200,24.311199569702147,24.28139991760254,24.65265007019043,25.64954002380371,,,42.82367739613954,-0.4319448813773157,-0.48535629159810867,0.05341141022079299,25.855598887624442,24.65265007019043,23.449701252756416,49.436414482455,48.255766505017824,AUMI
2024-02-28,23.81999969482422,23.8700008392334,23.746000289916992,23.746000289916992,23.746000289916992,200,24.133799743652343,24.305799865722655,24.570050048828126,25.581160011291505,,,40.24556653575019,-0.4538030590209168,-0.4790456450826703,0.025242586061753503,25.783758436652196,24.570050048828126,23.356341661004056,31.36100104792554,42.96314586317527,AUMI
2024-02-29,24.290000915527344,24.299999237060547,24.21500015258789,24.21500015258789,24.21500015258789,1700,24.149599838256837,24.34379997253418,24.52165002822876,25.528540000915527,,,45.56755573647436,-0.42834377258536094,-0.4689052705832084,0.04056149799784747,25.71067829598032,24.52165002822876,23.3326217604772,32.769768484931156,37.855728005103906,AUMI
2024-03-01,24.450000762939453,25.700000762939453,24.25,25.43600082397461,25.43600082397461,19900,24.320800018310546,24.42849998474121,24.475450038909912,25.495040016174315,,,56.44385525026618,-0.3061138647251127,-0.4363469894115893,0.13023312468647658,25.422314004027363,24.475450038909912,23.52858607379246,50.07088996502214,38.06721983262628,AUMI
2024-03-04,25.790000915527344,26.44099998474121,25.780000686645508,26.44099998474121,26.44099998474121,2400,24.779000091552735,24.61009998321533,24.53050003051758,25.462840003967287,,,62.99757657475459,-0.12669034158570014,-0.37441565984641145,0.2477253182607113,25.758350713716904,24.53050003051758,23.302649347318255,78.11598176702002,53.65221340565777,AUMI
2024-03-05,27.010000228881836,27.010000228881836,26.881999969482422,26.898000717163086,26.898000717163086,1100,25.347200393676758,24.829199981689452,24.644900035858154,25.451680030822754,,,65.53695848585853,0.0517833072390701,-0.28917586642931514,0.34095917366838524,26.249585577377108,24.644900035858154,23.0402144943392,94.88193829453026,74.35627000885746,AUMI
2024-03-06,27.260000228881836,27.393999099731445,27.1299991607666,27.393999099731445,27.393999099731445,2900,26.07680015563965,25.105299949645996,24.76785001754761,25.438520011901854,,,68.09607476527302,0.2305897884634831,-0.1852227354507555,0.4158125239142386,26.77015531192726,24.76785001754761,22.765544723167956,98.88557712472446,90.6278323954249,AUMI
2024-03-07,27.700000762939453,27.799999237060547,27.559999465942383,27.724000930786133,27.724000930786133,8700,26.7786003112793,25.464100074768066,24.91865005493164,25.426760025024414,,,69.7077894251001,0.3943774649660199,-0.0693026953674004,0.4636801603334203,27.298841881367686,24.91865005493164,22.538458228495593,98.26069366795919,97.34273636240464,AUMI
2024-03-08,28.040000915527344,28.040000915527344,27.714000701904297,27.714000701904297,27.714000701904297,200,27.234200286865235,25.77750015258789,25.073100090026855,25.41344005584717,,,69.593056458828,0.5174090739963368,0.048039658505347055,0.46936941549098976,27.74057920976199,25.073100090026855,22.40562097029172,96.84445231309381,97.99690770192582,AUMI
2024-03-11,27.690000534057617,28.007999420166016,27.649999618530273,28.007999420166016,28.007999420166016,3700,27.547600173950194,26.163300132751466,25.251500034332274,25.402380027770995,,,71.09910306837502,0.6313578497760552,0.1647032967594887,0.46665455301656655,28.189305763063636,25.251500034332274,22.31369430560091,96.59603210894149,97.23372602999815,AUMI
2024-03-12,27.299999237060547,27.56999969482422,26.979999542236328,27.52199935913086,27.52199935913086,2700,27.67239990234375,26.509800148010253,25.395600032806396,25.39720001220703,,,65.33798285130142,0.674669759267033,0.26669658926099754,0.40797317000603545,28.47843802573076,25.395600032806396,22.31276203988203,93.19978933587646,95.54675791930391,AUMI
2024-03-13,27.530000686645508,28.15999984741211,27.530000686645508,28.02199935913086,28.02199935913086,2200,27.797999954223634,26.93740005493164,25.62159996032715,25.41,,,68.19345347520007,0.7408010871101958,0.3615174888308372,0.3792835982793586,28.777869483296985,25.62159996032715,22.465330437357313,94.68831112442365,94.82804418974719,AUMI
2024-03-14,27.760000228881836,27.809999465942383,27.44300079345703,27.44300079345703,27.44300079345703,2500,27.741799926757814,27.260200119018556,25.802000045776367,25.419680023193358,,,61.84032292751587,0.7379832836046774,0.4368106477856052,0.30117263581907217,28.941581578301466,25.802000045776367,22.662418513251268,89.52214798894097,92.4700828164137,AUMI
2024-03-15,27.450000762939453,27.533000946044922,27.399999618530273,27.496999740600586,27.496999740600586,1500,27.69839973449707,27.466300010681152,25.94739999771118,25.45296001434326,,,62.194073755677024,0.7316731452046312,0.4957831472694104,0.2358899979352208,29.118005448839767,25.94739999771118,22.776794546582593,88.53647635381509,90.91564515572657,AUMI
2024-03-18,27.59000015258789,27.59000015258789,27.270999908447266,27.270999908447266,27.270999908447266,600,27.55099983215332,27.54930000305176,26.079699993133545,25.483880004882813,,,59.69963989199938,0.700362672437894,0.5366990523031071,0.16366362013478686,29.239345664015307,26.079699993133545,22.920054322251783,82.86513119468857,86.9745851791482,AUMI
2024-03-19,27.1200008392334,27.1200008392334,26.797000885009766,26.797000885009766,26.797000885009766,5200,27.4060001373291,27.539200019836425,26.18420000076294,25.50408000946045,,,54.740715646485874,0.6300384463499888,0.5553669311124835,0.07467151523750537,29.293174626096754,26.18420000076294,23.075225375429124,76.76303462016473,82.72154738955612,AUMI
2024-03-20,27.56999969482422,27.989999771118164,27.40999984741211,27.792999267578125,27.792999267578125,6800,27.360200119018554,27.579100036621092,26.342199993133544,25.545039978027344,,,61.90190132323114,0.6472140553310162,0.57373635595619,0.07347769937482618,29.44095290334521,26.342199993133544,23.24344708292188,78.64109766708003,79.42308782731111,AUMI
2024-03-21,28.260000228881836,28.260000228881836,27.57200050354004,27.57200050354004,27.57200050354004,6000,27.386000061035155,27.563899993896484,26.514000034332277,25.585119972229005,,,59.646728769709455,0.6356655392495121,0.5861221926148544,0.04954334663465765,29.48270791424957,26.514000034332277,23.545292154414984,76.1072754245977,77.17046923728081,AUMI
2024-03-22,27.639999389648438,27.639999389648438,27.263999938964844,27.263999938964844,27.263999938964844,2400,27.33940010070801,27.51889991760254,26.648200035095215,25.616959953308104,,,56.554380569544804,0.594803659228095,0.5878584859375026,0.00694517329059241,29.495236494516412,26.648200035095215,23.801163575674018,64.93084217847964,73.22640509005244,AUMI
2024-03-25,27.68000030517578,28.06999969482422,27.68000030517578,27.860000610351562,27.860000610351562,3400,27.457200241088866,27.504100036621093,26.833700084686278,25.66629997253418,,,60.79054214419705,0.6035551895871443,0.590997826667431,0.012557362919713322,29.48199511928,26.833700084686278,24.185405050092555,58.94588827647849,66.66133529318526,AUMI
2024-03-26,28.459999084472656,28.459999084472656,27.969999313354492,27.969999313354492,27.969999313354492,2800,27.691799926757813,27.548900032043456,27.029350090026856,25.6972399520874,,,61.53597200137221,0.6123085051839325,0.5952599623707313,0.01704854281320123,29.390826858062603,27.029350090026856,24.66787332199111,58.371584536927905,60.749438330628664,AUMI
2024-03-27,28.229999542236328,29.100000381469727,28.229999542236328,28.950000762939453,28.950000762939453,4900,27.92320022583008,27.641700172424315,27.28955011367798,25.775859985351563,,,67.46970251307405,0.6903653950892306,0.6142810489144311,0.07608434617479942,29.261214115539303,27.28955011367798,25.317886111816655,78.89362154541747,65.40369811960794,AUMI
2024-03-28,29.309999465942383,29.700000762939453,29.239999771118164,29.607999801635742,29.607999801635742,3000,28.33040008544922,27.858200073242188,27.559200096130372,25.874239997863768,,,70.73420231540612,0.7961436179584496,0.6506535627232348,0.14549005523521474,29.226858569127874,27.559200096130372,25.89154162313287,86.95092072392401,74.73870893542312,AUMI
2024-04-01,30.280000686645508,30.329999923706055,29.670000076293945,29.929000854492188,29.929000854492188,6000,28.863400268554688,28.10140018463135,27.78385009765625,25.97626003265381,,,72.19988861661393,0.895552353847858,0.6996333209481594,0.1959190328996986,29.457412282586297,27.78385009765625,26.1102879127262,92.98916626891099,86.27790284608415,AUMI
2024-04-02,30.06999969482422,30.1299991607666,29.780000686645508,30.003000259399414,30.003000259399414,7900,29.292000198364256,28.374600219726563,27.96195011138916,26.078520050048827,,,72.54129152989509,0.9691340526843213,0.7535334672953918,0.21560058538892946,29.77804706094403,27.96195011138916,26.145853161834292,92.07504803178517,90.67171167487338,AUMI
2024-04-03,30.15999984741211,30.829999923706055,30.15999984741211,30.763999938964844,30.763999938964844,4000,29.85080032348633,28.77130012512207,28.155250072479248,26.199500045776368,,,75.82875301132643,1.0764457962658618,0.8181159330894858,0.25832986317637596,30.27483673381246,28.155250072479248,26.035663411146036,92.58593794134333,92.55005074734648,AUMI
2024-04-04,30.940000534057617,30.940000534057617,30.3700008392334,30.3700008392334,30.3700008392334,5900,30.134800338745116,29.029000282287598,28.304050159454345,26.29974006652832,,,71.08364917415344,1.1168246324692248,0.8778576729654336,0.2389669595037912,30.599525128699845,28.304050159454345,26.008575190208845,91.78325928904029,92.14808175405625,AUMI
2024-04-05,30.709999084472656,31.30699920654297,30.709999084472656,31.280000686645508,31.280000686645508,3500,30.46920051574707,29.399800300598145,28.481850147247314,26.42344009399414,,,74.97822911650314,1.2083257069808688,0.9439512797685207,0.26437442721234816,31.09847371175137,28.481850147247314,25.865226582743258,94.66890800208215,93.01270174415525,AUMI
2024-04-08,31.649999618530273,31.649999618530273,30.530000686645508,31.2450008392334,31.2450008392334,2600,30.732400512695314,29.797900390625,28.65840015411377,26.534980125427246,,,74.56227464154455,1.2634524788761397,1.0078515195900444,0.2556009592860953,31.509912218580805,28.65840015411377,25.806888089646737,92.43263082941097,92.96159937351113,AUMI
2024-04-09,32.040000915527344,32.150001525878906,31.729999542236328,31.829999923706055,31.829999923706055,12300,31.09780044555664,30.19490032196045,28.84950017929077,26.660180130004882,,,76.87181663291295,1.3389112444628317,1.0740634645646019,0.26484777989822983,31.997872611526603,28.84950017929077,25.70112774705494,94.83555909786598,93.9790326431197,AUMI
2024-04-10,30.719999313354492,31.03499984741211,30.719999313354492,30.860000610351562,30.860000610351562,3000,31.117000579833984,30.483900451660155,29.016400241851805,26.769580154418946,,,66.14766319745019,1.3053942495470565,1.1203296215610927,0.1850646279859638,32.21902372263837,29.016400241851805,25.81377676106524,86.23444645370255,91.1675454603265,AUMI
2024-04-11,31.7810001373291,31.860000610351562,31.149999618530273,31.860000610351562,31.860000610351562,7700,31.41500053405762,30.774900436401367,29.20830030441284,26.898820152282713,,,70.68769687352412,1.3440302877236192,1.165069754793598,0.17896053293002123,32.60372967515179,29.20830030441284,25.81287093367389,87.03777584848227,89.3692604666836,AUMI
2024-04-12,33.18000030517578,33.18000030517578,31.739999771118164,31.739999771118164,31.739999771118164,800,31.507000350952147,30.988100433349608,29.423150253295898,27.029960136413575,,,69.48343573291037,1.3494113870088746,1.2019380812366534,0.14747330577222129,32.88767656648843,29.423150253295898,25.958623940103365,80.49361830611093,84.58861353609858,AUMI
2024-04-15,31.739999771118164,31.739999771118164,30.440000534057617,30.440000534057617,30.440000534057617,17500,31.346000289916994,31.039200401306154,29.57030029296875,27.111560134887696,,,57.962949369947644,1.2345457976006564,1.2084596245094539,0.026086173091202536,32.94389122508939,29.57030029296875,26.19670936084811,71.76389115264676,79.7650951024133,AUMI
2024-04-16,30.549999237060547,30.610000610351562,30.18000030517578,30.579999923706055,30.579999923706055,2400,31.096000289916994,31.096900367736815,29.73575029373169,27.216360130310058,,,58.75603067546579,1.1416505344453647,1.195097806496636,-0.05344727205127131,32.96346824663375,29.73575029373169,26.50803234082963,56.233921183836365,69.49714354753134,AUMI
2024-04-17,31.450000762939453,31.450000762939453,30.889999389648438,31.100000381469727,31.100000381469727,3200,31.144000244140624,31.130500411987306,29.950900268554687,27.34616012573242,,,61.65011888546491,1.097340600861024,1.1755463653695135,-0.07820576450848948,32.93049607667152,29.950900268554687,26.97130446043786,47.363907454361204,58.45390659694809,AUMI
2024-04-18,31.459999084472656,31.459999084472656,30.940000534057617,30.940000534057617,30.940000534057617,1400,30.960000228881835,31.187500381469725,30.10825033187866,27.466260147094726,,,60.249231115995485,1.0373560143462761,1.147908295164866,-0.11055228081858992,32.94432359099516,30.10825033187866,27.27217707276216,43.62174188274,49.073190173645834,AUMI
2024-04-19,31.59000015258789,31.719999313354492,31.531999588012695,31.65999984741211,31.65999984741211,5800,30.944000244140625,31.225500297546386,30.312650299072267,27.60530014038086,,,64.19237102871242,1.0359736651297098,1.1255213691578347,-0.08954770402812495,32.97183566646616,30.312650299072267,27.65346493167837,46.22819231727063,45.73794721812393,AUMI
2024-04-22,30.469999313354492,30.700000762939453,30.049999237060547,30.40999984741211,30.40999984741211,5400,30.938000106811522,31.142000198364258,30.46995029449463,27.721000137329103,,,54.14958127969912,0.9233695605853356,1.0850910074433349,-0.16172144685799927,32.73166098492308,30.46995029449463,28.20823960406618,34.32601968379931,41.39198462793663,AUMI
2024-04-23,29.8700008392334,30.510000228881836,29.8700008392334,30.389999389648438,30.389999389648438,2500,30.9,30.998000144958496,30.59645023345947,27.84000011444092,,,54.003998008995126,0.823028763407482,1.0326785586361642,-0.2096497952286822,32.517449261999516,30.59645023345947,28.675451204919423,27.501880238638545,36.01869741323615,AUMI
2024-04-24,30.389999389648438,30.670000076293945,30.360000610351562,30.670000076293945,30.670000076293945,1000,30.813999938964844,30.979000091552734,30.731450271606445,27.960600128173827,,,55.79577515399112,0.7573711706682644,0.9776170810425843,-0.22024591037431984,32.22770234100702,30.731450271606445,29.235198202205872,17.12690222949215,26.31826738397665,AUMI
2024-04-25,30.09000015258789,30.969999313354492,30.09000015258789,30.809999465942383,30.809999465942383,5900,30.7879997253418,30.873999977111815,30.82445020675659,28.106760101318358,,,56.703938623142726,0.7084670687429018,0.9237870785826477,-0.21532000983974597,32.077724250305714,30.82445020675659,29.57117616320747,22.759282767649733,22.46268841192679,AUMI
2024-04-26,31.43000030517578,31.579999923706055,31.25,31.469999313354492,31.469999313354492,1100,30.749999618530275,30.84699993133545,30.91755018234253,28.259460105895997,,,60.79336330359394,0.7147277508599785,0.8819752130381139,-0.16724746217813535,32.06795090322154,30.91755018234253,29.76714946146352,33.6354166846741,24.50720056060531,AUMI
2024-04-29,31.65999984741211,31.780000686645508,31.440000534057617,31.780000686645508,31.780000686645508,2100,31.023999786376955,30.98099994659424,31.010100173950196,28.40328010559082,,,62.58112259284678,0.7362172523725263,0.8528236209049964,-0.11660636853247008,32.124765161544516,31.010100173950196,29.895435186355876,44.81367236892928,33.736123940417684,AUMI
2024-04-30,30.959999084472656,30.959999084472656,30.079999923706055,30.170000076293945,30.170000076293945,7900,30.979999923706053,30.939999961853026,31.01845016479492,28.5141801071167,,,49.86412092249288,0.6162307190865342,0.805505040541304,-0.18927432145476986,32.10495959062584,31.01845016479492,29.931940738964006,38.36856166489856,38.939216906167296,AUMI
2024-05-01,30.290000915527344,30.670000076293945,30.058000564575195,30.229999542236328,30.229999542236328,5000,30.891999816894533,30.852999877929687,30.991750144958495,28.62464008331299,,,50.269693462488874,0.5199878857999032,0.7484016095930238,-0.22841372379312064,32.127106063399765,30.991750144958495,29.856394226517228,25.88115007186651,36.35446136856476,AUMI
2024-05-02,30.1200008392334,30.479999542236328,29.969999313354492,30.479999542236328,30.479999542236328,1900,30.82599983215332,30.80699977874756,30.997250080108643,28.741580085754393,,,52.01163342828221,0.4586011886573864,0.6904415254058963,-0.2318403367485099,32.12151666790543,30.997250080108643,29.872983492311853,17.292208481134654,27.180640072633224,AUMI
2024-05-03,30.600000381469727,30.600000381469727,30.290000915527344,30.350000381469727,30.350000381469727,200,30.602000045776368,30.67599983215332,30.950750064849853,28.86586009979248,,,51.01103140831047,0.3949096702235195,0.631335154369421,-0.23642548414590148,32.101020992996105,30.950750064849853,29.8004791367036,22.64802367172325,21.940460741574793,AUMI
2024-05-06,31.0,31.09000015258789,30.920000076293945,30.920000076293945,30.920000076293945,1000,30.429999923706056,30.726999855041505,30.93450002670288,28.992660102844237,,,55.09062284955919,0.38597857394110235,0.5822638382837573,-0.19628526434265492,32.07683945169595,30.93450002670288,29.79216060170981,37.3472539836294,25.762495378829087,AUMI
2024-05-07,30.860000610351562,30.99799919128418,30.836000442504883,30.860000610351562,30.860000610351562,700,30.568000030517577,30.773999977111817,30.886000061035155,29.126860122680664,27.410290088653564,,54.57542628592034,0.36979637787325004,0.5397703462016559,-0.16997396832840583,31.95195334083473,30.886000061035155,29.82004678123558,43.97903580689506,34.65810448741589,AUMI
2024-05-08,30.940000534057617,30.989999771118164,30.700000762939453,30.989999771118164,30.989999771118164,1000,30.720000076293946,30.805999946594238,30.892500019073488,29.265520133972167,27.457530078887938,,55.54546527763825,0.3632741188171593,0.5044711007247565,-0.14119698190759722,31.959324929988604,30.892500019073488,29.82567510815837,55.148310515050724,45.49153343519171,AUMI
2024-05-09,31.209999084472656,31.770000457763672,31.209999084472656,31.510000228881836,31.510000228881836,6400,30.92600021362305,30.876000022888185,30.875,29.420800132751467,27.500980072021484,,59.290390326966815,0.3955057287934842,0.4826780263385021,-0.08717229754501787,31.88788706718827,30.875,29.86211293281173,65.44499811928084,54.85744814707552,AUMI
2024-05-10,32.150001525878906,32.150001525878906,32.040000915527344,32.040000915527344,32.040000915527344,800,31.26400032043457,30.93300018310547,30.89000005722046,29.577300148010252,27.55292007446289,,62.736056965610075,0.45853048393419726,0.47784851785764115,-0.01931803392344389,31.96090654699444,30.89000005722046,29.819093567446476,79.89265158234006,66.82865340555719,AUMI
2024-05-13,31.989999771118164,31.989999771118164,31.450000762939453,31.579999923706055,31.579999923706055,1700,31.39600028991699,30.913000106811523,30.94700002670288,29.70018013000488,27.597610073089598,,58.136733388395236,0.4659881989112975,0.4754764540683724,-0.00948825515707491,32.037213204359574,30.94700002670288,29.85678684904619,84.9641421937141,76.76726396511164,AUMI
2024-05-14,31.8700008392334,32.09000015258789,31.8700008392334,32.03499984741211,32.03499984741211,1000,31.631000137329103,31.09950008392334,31.019750022888182,29.812060127258302,27.637450065612793,,61.16916304859592,0.502817021380892,0.48094456753087633,0.021872453850015683,32.193293985340894,31.019750022888182,29.84620606043547,87.91775877797227,84.25818418467544,AUMI
2024-05-15,32.25,32.72999954223633,31.889999389648438,32.61899948120117,32.61899948120117,2900,31.956800079345705,31.338400077819824,31.095699977874755,29.926480102539063,27.68908006668091,,64.7032577297706,0.5725282687874689,0.49926130778219485,0.07326696100527402,32.46111698052711,31.095699977874755,29.730282975222405,88.18537401530638,87.02242499566421,AUMI
2024-05-16,33.25,33.25,32.310001373291016,32.310001373291016,32.310001373291016,1100,32.11680030822754,31.521400260925294,31.164200019836425,30.024800148010254,27.731660079956054,,61.51320603679231,0.5959713825771367,0.5186033227411833,0.0773680598359534,32.625586922938446,31.164200019836425,29.702813116734404,87.34815642556686,87.81709640628179,AUMI
2024-05-17,32.689998626708984,33.36000061035156,32.689998626708984,33.31999969482422,33.31999969482422,1400,32.37280006408692,31.818400192260743,31.24720001220703,30.136720123291017,27.781740074157714,,67.20477165977677,0.6881164645280791,0.5525059510985624,0.1356105134295167,32.97590665000139,31.24720001220703,29.518493374412667,88.7132675720588,88.08226600431063,AUMI
2024-05-20,33.38999938964844,33.72999954223633,33.380001068115234,33.64799880981445,33.64799880981445,2200,32.786399841308594,32.091200065612796,31.409099960327147,30.255400085449217,27.834420070648193,,68.8175227002606,0.7786332932976592,0.5977314195383817,0.18090187375927747,33.38297088236877,31.409099960327147,29.435229038285524,89.32689110471165,88.46277170077906,AUMI
2024-05-21,33.66999816894531,33.66999816894531,33.31999969482422,33.38100051879883,33.38100051879883,700,33.055599975585935,32.34330005645752,31.558650016784668,30.362860107421874,27.882620067596434,,65.9734144241098,0.8193787137820117,0.6420608783871077,0.17731783539490398,33.6506994204088,31.558650016784668,29.466600613160537,95.7857578917396,91.27530552283663,AUMI
2024-05-22,33.779998779296875,33.779998779296875,32.09000015258789,32.09000015258789,32.09000015258789,2900,32.94980010986328,32.453300094604494,31.629650020599364,30.454220123291016,27.925710067749023,,54.29000623530703,0.7389783306599682,0.6614443688416798,0.07753396181828842,33.69242328857006,31.629650020599364,29.566876752628662,80.03772739148094,88.38345879597735,AUMI
2024-05-23,32.314998626708984,32.314998626708984,31.079999923706055,31.079999923706055,31.079999923706055,2000,32.70379981994629,32.41030006408691,31.643150043487548,30.515380134582518,27.96269006729126,,47.24140157367932,0.5869953531958814,0.6465545657125201,-0.05955921251663876,33.68774344855255,31.643150043487548,29.59855663842254,51.54389854019329,75.78912794113789,AUMI
2024-05-24,31.979999542236328,31.979999542236328,31.65999984741211,31.799999237060547,31.799999237060547,1800,32.39979972839355,32.38629989624023,31.65965003967285,30.60252010345459,28.011100063323976,,52.023385911794875,0.5186668077785548,0.620977014125727,-0.10231020634717225,33.70371395535028,31.65965003967285,29.61558612399542,33.20928105031408,54.93030232732938,AUMI
2024-05-28,32.4900016784668,32.54199981689453,32.084999084472656,32.54199981689453,32.54199981689453,2100,32.17859992980957,32.48249988555908,31.6977499961853,30.70342010498047,28.078190059661864,,56.408432680664035,0.5184132437172266,0.600464260044027,-0.08205101632680034,33.77746205194144,31.6977499961853,29.618037940429158,35.95236827210197,40.23518262086972,AUMI
2024-05-29,32.25,32.25,31.68000030517578,31.73699951171875,31.73699951171875,2800,31.849799728393556,32.45269985198975,31.776099967956544,30.792740097045897,28.138310050964357,,50.96590259342487,0.4480901906213397,0.5699894461594895,-0.12189925553814984,33.73419891946506,31.776099967956544,29.81800101644803,39.95093005630045,36.37085979290544,AUMI
2024-05-30,31.8799991607666,32.13999938964844,31.65999984741211,32.12799835205078,32.12799835205078,1300,31.85739936828613,32.40359973907471,31.870999908447267,30.899360046386718,28.201720027923585,,53.32168969744462,0.4190781312636247,0.5398071831803166,-0.12072905191669192,33.699881724842534,31.870999908447267,30.042118092052004,40.98443468397998,38.962577670794076,AUMI
2024-05-31,32.18000030517578,32.18000030517578,31.719999313354492,31.860000610351562,31.860000610351562,1200,32.01339950561523,32.35859966278076,31.939999961853026,30.980700073242186,28.262870025634765,,51.49549352662223,0.3701933289388215,0.5058844123320176,-0.13569108339319613,33.654296453716114,31.939999961853026,30.22570346998994,30.679009336828656,37.2047913590363,AUMI
2024-06-03,31.610000610351562,31.889999389648438,31.610000610351562,31.854999542236328,31.854999542236328,2200,32.02439956665039,32.212099647521974,32.01524991989136,31.066360054016112,28.32574001312256,,51.46007501897808,0.3272755971373975,0.4701626492930936,-0.14288705215569608,33.56830739417135,32.01524991989136,30.46219244561137,32.13580045451423,34.599748158440896,AUMI
2024-06-04,31.059999465942383,31.06999969482422,30.8799991607666,31.042999267578125,31.042999267578125,2300,31.72459945678711,31.95159969329834,32.021399879455565,31.14194004058838,28.379449996948242,,45.935628357385774,0.22514600646966798,0.42115932072840845,-0.19601331425874047,33.55794667425629,32.021399879455565,30.484853084654837,21.07110746133959,27.96197241756077,AUMI
2024-06-05,31.1200008392334,31.81999969482422,31.1200008392334,31.81999969482422,31.81999969482422,2200,31.741199493408203,31.79549961090088,32.0693998336792,31.221140022277833,28.443719997406006,,51.320934165932876,0.20454711901493283,0.37783688038571334,-0.1732897613707805,33.51511862535653,32.0693998336792,30.623681042001873,22.2460705340249,25.150992816626182,AUMI
2024-06-06,31.84000015258789,32.70199966430664,31.84000015258789,32.70199966430664,32.70199966430664,2900,31.855999755859376,31.856699562072755,32.154999828338624,31.315780029296874,28.506509990692138,,56.605029057120085,0.2564363401528098,0.35355677233913263,-0.09712043218632282,33.536234420432535,32.154999828338624,30.773765236244714,33.62070723181188,25.645961742392064,AUMI
2024-06-07,31.139999389648438,31.15999984741211,30.149999618530273,30.149999618530273,30.149999618530273,5700,31.51399955749512,31.763699531555176,32.08699979782104,31.33978000640869,28.557819995880127,,42.29810985392423,0.09058958565300301,0.3009633350019067,-0.21037374934890368,33.70258429062921,32.08699979782104,30.471415305012872,31.747142539251303,29.20464010169597,AUMI
2024-06-10,30.43000030517578,30.816999435424805,30.43000030517578,30.816999435424805,30.816999435424805,300,31.306399536132812,31.6653995513916,32.02584972381592,31.36395999908447,28.61909999847412,,46.13045103864841,0.012828272385160489,0.24333632247855747,-0.23050805009339698,33.733858603274186,32.02584972381592,30.317840844357644,27.067422228677227,30.811757333246746,AUMI
2024-06-11,30.420000076293945,30.889999389648438,30.280000686645508,30.632999420166016,30.632999420166016,4700,31.22439956665039,31.47449951171875,31.978499698638917,31.37803997039795,28.677150001525877,,45.23785902377299,-0.06292008848505048,0.1820850402858359,-0.24500512877088637,33.78309832924755,31.978499698638917,30.173901068030283,10.560145862287222,23.124903543405196,AUMI
2024-06-12,31.09000015258789,31.09000015258789,30.649999618530273,30.719999313354492,30.719999313354492,400,31.004399490356445,31.372799491882326,31.912749671936034,31.39237995147705,28.73545000076294,,45.77214438014545,-0.11460989439983749,0.1227460533487012,-0.2373559477485387,33.798329196681514,31.912749671936034,30.027170147190553,18.005282808471637,18.54428363314531,AUMI
2024-06-13,30.889999389648438,30.889999389648438,29.958999633789062,29.958999633789062,29.958999633789062,500,30.45579948425293,31.155899620056154,31.77974967956543,31.376279945373536,28.78788999557495,,41.91949625521498,-0.2145080370687822,0.05529523526520452,-0.2698032723339867,33.816493216673464,31.77974967956543,29.743006142457396,11.88039785805133,13.481942176270008,AUMI
2024-06-14,30.040000915527344,30.329999923706055,30.040000915527344,30.15999984741211,30.15999984741211,3200,30.4577995300293,30.98589954376221,31.672249603271485,31.372079925537108,28.835909996032715,,43.27752812830888,-0.2742970715537929,-0.010623226098594965,-0.26367384545519795,33.81014195377715,31.672249603271485,29.534357252765822,9.88772063055419,13.257800432358998,AUMI
2024-06-17,30.15999984741211,30.16699981689453,30.15999984741211,30.16699981689453,30.16699981689453,300,30.327799606323243,30.817099571228027,31.514599609375,31.34981990814209,28.886630001068117,,43.32722606630587,-0.31745603751292606,-0.0719897883814612,-0.24546624913146486,33.607757255393054,31.514599609375,29.42144196335695,4.97023201091416,8.912783499839838,AUMI
2024-06-18,30.280000686645508,30.799999237060547,30.280000686645508,30.450000762939453,30.450000762939453,1800,30.29119987487793,30.75779972076416,31.35469970703125,31.33391990661621,28.934450016021728,,45.40967945754375,-0.32507673551705807,-0.12260717780858058,-0.2024695577084775,33.25086233905527,31.35469970703125,29.458537075007236,10.936948789231067,8.598300476899752,AUMI
2024-06-20,31.229999542236328,31.613000869750977,31.229999542236328,31.613000869750977,31.613000869750977,1000,30.469800186157226,30.737099838256835,31.266299724578857,31.32957992553711,28.994880027770996,,53.04548302476648,-0.23456785237844358,-0.14499931272255318,-0.0895685396558904,32.926522420988256,31.266299724578857,29.606077028169455,28.594027488627457,14.833736096257509,AUMI
2024-06-21,31.059999465942383,31.100000381469727,31.048999786376953,31.048999786376953,31.048999786376953,300,30.687800216674805,30.57179985046387,31.214249706268312,31.333359909057616,29.05147003173828,,49.434277847796096,-0.20597473574551017,-0.15719439732714457,-0.0487803384183656,32.83265940645425,31.214249706268312,29.595840006082373,39.31221875937268,26.28106501241035,AUMI
2024-06-24,31.389999389648438,31.389999389648438,31.15999984741211,31.30500030517578,31.30500030517578,900,30.91680030822754,30.687299919128417,31.2254997253418,31.3222599029541,29.11054002761841,,51.06278110403062,-0.1608037370463471,-0.15791626527098507,-0.002887471775362027,32.84314809237226,31.2254997253418,29.607851358311336,49.70229693076565,39.202847726255214,AUMI
2024-06-25,31.780000686645508,31.780000686645508,30.934999465942383,30.999000549316406,30.999000549316406,1000,31.083200454711914,30.705500030517577,31.18544979095459,31.307439918518067,29.16870002746582,,49.030141056431006,-0.1479910691648847,-0.155931226049765,0.007940156884880312,32.78376787191781,31.18544979095459,29.587131709991368,42.24087617972135,43.751797289953174,AUMI
2024-06-26,30.440000534057617,30.788999557495117,30.43000030517578,30.788999557495117,30.788999557495117,1900,31.151000213623046,30.721100044250488,31.09779977798462,31.314419898986817,29.212990016937255,,47.62890419897713,-0.15301836211911635,-0.15534865326363528,0.0023302911445189367,32.57674519678347,31.09779977798462,29.618854359185768,39.08131577154086,43.67482962734257,AUMI
2024-06-27,31.450000762939453,31.459999084472656,31.450000762939453,31.459999084472656,31.459999084472656,300,31.12039985656738,30.795100021362305,31.083949756622314,31.332019882202147,29.274190006256102,,52.31799330318472,-0.10168629761360393,-0.144616182133629,0.04292988452002508,32.543756136599484,31.083949756622314,29.624143376645144,50.2002408079911,43.84081091975105,AUMI
2024-06-28,31.600000381469727,31.600000381469727,31.139999389648438,31.229999542236328,31.229999542236328,800,31.15659980773926,30.922200012207032,31.03904981613159,31.33461986541748,29.340389995574952,,50.64414719158411,-0.07865759178211462,-0.13142446406332614,0.05276687228121152,32.42079844104497,31.03904981613159,29.657301191218206,60.82758902676979,50.0363818687672,AUMI
2024-07-01,31.709999084472656,31.709999084472656,31.360000610351562,31.360000610351562,31.360000610351562,1100,31.167599868774413,31.042200088500977,31.014049816131593,31.343019866943358,29.404640007019044,,51.58697269651894,-0.0493483200498801,-0.11500923526063693,0.06566091521075683,32.352907203460646,31.014049816131593,29.67519242880254,76.38656274887072,62.47146419454382,AUMI
2024-07-02,31.3700008392334,31.3700008392334,31.280000686645508,31.280000686645508,31.280000686645508,200,31.223799896240234,31.153500175476076,30.98529987335205,31.335419883728026,29.470360012054442,,50.94206649089836,-0.03220460169434247,-0.09844830854737804,0.06624370685303557,32.27446221825083,30.98529987335205,29.696137528453267,73.09170106560772,70.1019509470827,AUMI
2024-07-03,32.11000061035156,32.70000076293945,32.11000061035156,32.66999816894531,32.66999816894531,900,31.599999618530273,31.37549991607666,31.06664981842041,31.38061985015869,29.550809993743897,,60.24217915612032,0.09247708052487624,-0.060263230732927185,0.15274031125780343,32.55071320071607,31.06664981842041,29.582586436124746,82.79458279826584,77.42428220424806,AUMI
2024-07-05,33.130001068115234,33.970001220703125,32.939998626708984,33.970001220703125,33.970001220703125,2900,32.102000045776364,31.611199951171876,31.174149894714354,31.452219886779787,29.646110000610353,,66.6164007765604,0.2928122364718959,0.01035186270803743,0.28246037376385846,33.10510865212731,31.174149894714354,29.24319113730139,90.48266322038911,82.12298236142085,AUMI
2024-07-08,33.20000076293945,33.560001373291016,32.87200164794922,33.560001373291016,33.560001373291016,1400,32.568000411987306,31.86230010986328,31.217049980163573,31.510019912719727,29.73531002044678,,63.176212743401514,0.4137265476172054,0.09102679968987101,0.32269974792733436,33.31295850044315,31.217049980163573,29.121141459883994,96.04808926018451,89.77511175961313,AUMI
2024-07-09,33.400001525878906,33.75,33.28499984741211,33.75,33.75,400,33.04600028991699,32.1068000793457,31.397049999237062,31.56881992340088,29.83779001235962,,64.10140069844309,0.518901735430152,0.1766017868379272,0.34229994859222473,33.70327643297237,31.397049999237062,29.09082356550175,94.4255870629985,93.65211318119067,AUMI
2024-07-10,34.0,34.58000183105469,34.0,34.58000183105469,34.58000183105469,1000,33.70600051879883,32.464900207519534,31.585200119018555,31.63101997375488,29.94524003982544,,67.8960626161132,0.6616015102916037,0.2736017315286625,0.3879997787629412,34.25653372506309,31.585200119018555,28.91386651297402,94.4255870629985,94.96642112872713,AUMI
2024-07-11,35.79999923706055,35.79999923706055,34.869998931884766,34.869998931884766,34.869998931884766,300,34.146000671386716,32.873000144958496,31.797050094604494,31.692819938659667,30.048050022125246,,69.12410791997758,0.7889973817131803,0.37668086156556607,0.4123165201476143,34.785886824869685,31.797050094604494,28.808213364339302,92.23982109301407,93.696998406337,AUMI
2024-07-12,35.0099983215332,35.529998779296875,35.0099983215332,35.20800018310547,35.20800018310547,800,34.39360046386719,33.247800254821776,32.02145013809204,31.793579940795897,30.153880023956297,,70.53865682568532,0.9067806015087996,0.4827008095542128,0.4240797919545868,35.31183490378193,32.02145013809204,28.731065372402156,90.55245399216075,92.40595404939108,AUMI
2024-07-15,35.22999954223633,35.22999954223633,34.849998474121094,34.939998626708984,34.939998626708984,1200,34.66959991455078,33.61880016326904,32.270500087738036,31.88777992248535,30.25621000289917,,67.88305167618046,0.9673481783140971,0.5796302833061897,0.38771789500790743,35.65153144461006,32.270500087738036,28.889468730866014,85.2141499486519,89.33547501127555,AUMI
2024-07-16,36.150001525878906,36.150001525878906,35.84000015258789,35.84000015258789,35.84000015258789,200,35.08759994506836,34.066800117492676,32.554500102996826,31.99497993469238,30.368280010223387,,71.73184346161096,1.0755724906582813,0.678818724776608,0.3967537658816733,36.12747825730908,32.554500102996826,28.981521948684573,89.1804304854208,88.31567814207779,AUMI
2024-07-17,35.790000915527344,35.790000915527344,35.0880012512207,35.0880012512207,35.0880012512207,100,35.18919982910156,34.44760017395019,32.80055017471314,32.0897399520874,30.477800025939942,,64.74973221172023,1.088117865854116,0.7606785529921096,0.32743931286200634,36.35972204895703,32.80055017471314,29.241378300469247,85.78929445460021,86.72795829622429,AUMI
2024-07-18,35.31999969482422,35.31999969482422,34.54499816894531,34.54499816894531,34.54499816894531,800,35.12419967651367,34.63510017395019,33.00530004501343,32.16223991394043,30.577450008392333,,60.193614197677924,1.0422301747194282,0.8169888773375733,0.22524129738185494,36.46992378307438,33.00530004501343,29.540676306952477,80.44893800196006,85.13955431399368,AUMI
2024-07-19,33.7400016784668,34.2400016784668,33.7400016784668,34.20899963378906,34.20899963378906,2700,34.92439956665039,34.65900001525879,33.13509998321533,32.22921989440918,30.678040008544922,,57.49757448388399,0.9675977110576284,0.8471106440815843,0.12048706697604405,36.57578373674783,33.13509998321533,29.694416229682833,68.97004082004976,78.40275775887,AUMI
2024-07-22,33.790000915527344,34.119998931884766,33.790000915527344,34.119998931884766,34.119998931884766,200,34.760399627685544,34.714999771118165,33.28864994049072,32.29181987762451,30.77867000579834,,56.77221641655693,0.8909984574834198,0.8558882067619514,0.03511025072146834,36.615455723201045,33.28864994049072,29.961844157780394,62.14129979288532,70.52009287163169,AUMI
2024-07-23,34.290000915527344,34.290000915527344,33.9379997253418,33.9379997253418,33.9379997253418,200,34.37999954223633,34.73379974365234,33.42029991149902,32.34037986755371,30.880590000152587,,55.23760471576128,0.8063125134776072,0.8459730681050825,-0.03966055462747531,36.62898620185044,33.42029991149902,30.211613621147606,54.56912448653489,61.89348836648997,AUMI
2024-07-24,34.209999084472656,34.56999969482422,33.66999816894531,33.66999816894531,33.66999816894531,2100,34.09639892578125,34.642799377441406,33.55384979248047,32.37297981262207,30.97513998031616,,52.96710527491353,0.7093953390200198,0.81865752228807,-0.10926218326805015,36.56454026988604,33.55384979248047,30.543159315074902,42.63589177170868,53.115438683709606,AUMI
2024-07-25,33.470001220703125,33.470001220703125,32.50899887084961,32.50899887084961,32.50899887084961,700,33.68919906616211,34.40669937133789,33.639849758148195,32.391559791564944,31.045869960784913,,44.44431004106008,0.532763473838834,0.7614787125982228,-0.2287152387593887,36.41908283575576,33.639849758148195,30.86061668054063,23.197166543574287,40.13406093393926,AUMI
2024-07-26,32.900001525878906,32.900001525878906,32.803001403808594,32.803001403808594,32.803001403808594,200,33.407999420166014,34.1661994934082,33.70699987411499,32.40691982269287,31.109489974975585,,46.7796872426337,0.4117584997723682,0.6915346700330518,-0.2797761702606836,36.33298791466251,33.70699987411499,31.081011833567473,10.806258489729478,25.54643893500412,AUMI
2024-07-29,33.08000183105469,33.08000183105469,32.779998779296875,32.779998779296875,32.779998779296875,200,33.13999938964844,33.95019950866699,33.78449983596802,32.41013980865478,31.168309955596925,,46.6145818399137,0.3104266611578552,0.6153130682580125,-0.30488640710015724,36.19625195629094,33.78449983596802,31.372747715645097,5.172590217018071,13.05867175010725,AUMI
2024-07-30,33.060001373291016,33.060001373291016,33.029998779296875,33.029998779296875,33.029998779296875,200,32.95839920043945,33.66919937133789,33.867999744415286,32.424539756774905,31.224669952392578,,48.73242618749767,0.24744101368314375,0.5417386573430387,-0.29429764365989497,36.042137371370046,33.867999744415286,31.693862117460526,9.942337800398812,8.640395502382091,AUMI
2024-07-31,33.52000045776367,34.01100158691406,33.52000045776367,34.01100158691406,34.01100158691406,1100,33.0265998840332,33.561499404907224,34.00454978942871,32.4383597946167,31.287539958953857,,56.093122022608,0.27353007779426264,0.4880969414332835,-0.2145668636390209,35.825767196153464,34.00454978942871,32.18333238270395,21.00156422380231,12.038830747073035,AUMI
2024-08-01,33.849998474121094,33.849998474121094,33.2400016784668,33.2400016784668,33.2400016784668,600,33.17280044555664,33.430999755859375,34.033049964904784,32.43019985198975,31.342799968719483,,50.01530292431927,0.22934880965425464,0.43634731507747776,-0.20699850542322312,35.78641386318614,34.033049964904784,32.27968606662343,25.212884957433403,18.718928993878148,AUMI
2024-08-02,33.880001068115234,33.880001068115234,32.70000076293945,32.70000076293945,32.70000076293945,300,33.152200317382814,33.280099868774414,33.9695499420166,32.41657985687256,31.389719982147216,,46.236550524193774,0.1490431982243834,0.3788864917068589,-0.2298432934824755,35.81691697493466,33.9695499420166,32.12218290909854,22.19175728443196,22.802068821889197,AUMI
2024-08-05,32.630001068115234,32.630001068115234,31.770000457763672,31.770000457763672,31.770000457763672,300,32.95020065307617,33.0451000213623,33.88004989624024,32.41017986297607,31.432199993133544,,40.55389439434195,0.010239139873860381,0.3051570213402592,-0.2949178814663988,35.957255110522446,33.88004989624024,31.802844681958028,8.44094138403939,18.615194541968226,AUMI
2024-08-06,31.690000534057617,31.797000885009766,31.690000534057617,31.797000885009766,31.797000885009766,300,32.70360107421875,32.8310001373291,33.78239994049072,32.42451988220215,31.469950008392335,,40.78145438973981,-0.09647328361046448,0.22483096035011446,-0.32130424396057894,36.049793926622456,33.78239994049072,31.515005954358983,2.7311761609758136,11.121291609815698,AUMI
2024-08-07,32.255001068115234,32.255001068115234,31.25,31.25,31.25,1100,32.15140075683594,32.58900032043457,33.615899848937985,32.41351989746094,31.508020000457762,,37.63804035937949,-0.22261587080141254,0.13534159411980906,-0.3579574649212216,36.102978959652226,33.615899848937985,31.128820738223745,0.9825562505965127,4.051557931870548,AUMI
2024-08-08,31.540000915527344,31.884000778198242,31.540000915527344,31.884000778198242,31.884000778198242,300,31.880200576782226,32.52650051116943,33.46659994125366,32.40035991668701,31.55189001083374,,43.111360719067044,-0.2683330394759267,0.054606667400661904,-0.3229397068765886,35.992811062575285,33.46659994125366,30.94038881993204,7.3480264963381074,3.687252969303454,AUMI
2024-08-09,33.06999969482422,33.06999969482422,32.380001068115234,32.47999954223633,32.47999954223633,400,31.836200332641603,32.49420032501221,33.33019990921021,32.415219917297364,31.603980007171632,,47.753602113523336,-0.2535493466967793,-0.00702453541882634,-0.24652481127795298,35.75826577807082,33.33019990921021,30.902134040349594,18.714864375243604,9.015149040726051,AUMI
2024-08-12,32.77000045776367,33.43000030517578,32.77000045776367,33.40999984741211,33.40999984741211,3000,32.16420021057129,32.55720043182373,33.253699970245364,32.440859947204586,31.670109996795656,,54.05405511690841,-0.16488917163702155,-0.03859746266246539,-0.12629170897455616,35.56780414351306,33.253699970245364,30.939595796977667,40.401611824643325,22.15483423207499,AUMI
2024-08-13,33.56999969482422,34.22999954223633,33.56999969482422,34.22999954223633,34.22999954223633,300,32.650799942016604,32.67720050811768,33.17319993972778,32.488259925842286,31.734479999542238,,58.774633675055995,-0.028133911571330827,-0.036504752444238474,0.008370840872907646,35.2181937170532,33.17319993972778,31.12820616240236,67.36947491223506,42.161983704040644,AUMI
2024-08-14,34.4900016784668,34.4900016784668,33.75,33.959999084472656,33.959999084472656,2000,33.192799758911136,32.67210025787354,33.11679983139038,32.53035991668701,31.798359985351563,,56.70862265160612,0.05779263927473011,-0.017645274100444756,0.07543791337517486,35.003541315206476,33.11679983139038,31.23005834757429,82.90071535650947,63.5572673644626,AUMI
2024-08-15,33.7599983215332,34.029998779296875,33.7599983215332,33.880001068115234,33.880001068115234,300,33.59199981689453,32.73610019683838,33.08354997634888,32.587099952697756,31.864519996643068,,56.07962760451254,0.11807379730196743,0.009498540180037682,0.10857525712192975,34.89018119012223,33.08354997634888,31.27691876257553,88.27157804760593,79.5139227721168,AUMI
2024-08-16,33.88999938964844,35.150001525878906,33.88999938964844,35.150001525878906,35.150001525878906,100,34.126000213623044,32.98110027313233,33.13060007095337,32.653699989318845,31.93742000579834,,63.080650655887794,0.2652676323038605,0.06065235860480225,0.20461527369905827,35.09421370708335,33.13060007095337,31.166986434823393,88.27157804760593,86.48129048390707,AUMI
2024-08-19,35.41999816894531,35.87799835205078,35.40999984741211,35.8380012512207,35.8380012512207,2600,34.61160049438477,33.38790035247803,33.216500186920165,32.71642002105713,32.016100025177,,66.22188260056225,0.43245061351718306,0.13501200958727844,0.2974386039299046,35.47403986570405,33.216500186920165,30.95896050813628,93.43619617425911,89.99311742315696,AUMI
2024-08-20,36.19300079345703,36.19300079345703,36.119998931884766,36.18000030517578,36.18000030517578,1100,35.001600646972655,33.826200294494626,33.32860021591186,32.83702003479004,32.088400020599366,,67.69337777860999,0.5857881944013315,0.22516724655008905,0.36062094785124243,35.91676056810716,33.32860021591186,30.740439863716567,99.62425002867565,93.77734141684687,AUMI
2024-08-21,36.042999267578125,36.529998779296875,36.042999267578125,36.529998779296875,36.529998779296875,1200,35.5156005859375,34.354200172424314,33.471600246429446,32.95128002166748,32.15762001037598,,69.17342186247213,0.7271689329794668,0.3255675838359646,0.4016013491435022,36.411542084905896,33.471600246429446,30.531658407952996,99.62425002867565,97.56156541053677,AUMI
2024-08-22,36.45000076293945,36.54999923706055,35.54999923706055,36.029998779296875,36.029998779296875,1300,35.94560012817383,34.76879997253418,33.64765024185181,33.0592200088501,32.21862998962402,,64.61901359675589,0.789764452572264,0.4184069575832245,0.3713574949890395,36.752975335785486,33.64765024185181,30.542325147918127,96.64188706020708,98.63012903918609,AUMI
2024-08-23,35.22999954223633,36.11000061035156,35.22999954223633,36.11000061035156,36.11000061035156,400,36.13759994506836,35.1318000793457,33.813000202178955,33.16702003479004,32.27969999313355,,65.015910653898,0.8361882740744306,0.5019632208814657,0.3342250531929649,37.06932159863571,33.813000202178955,30.5566788057222,93.96226903984052,96.74280204290771,AUMI
2024-08-26,35.310001373291016,35.86000061035156,35.310001373291016,35.86000061035156,35.86000061035156,600,36.14199981689453,35.37680015563965,33.96700029373169,33.285040054321286,32.33065999984741,,62.65075873326638,0.8430879829541951,0.5701881732960116,0.2728998096581835,37.303673587673735,33.96700029373169,30.63032699978964,89.62265441069034,93.40893683691262,AUMI
2024-08-27,35.41999816894531,35.71200180053711,35.310001373291016,35.71200180053711,35.71200180053711,300,36.0484001159668,35.525000381469724,34.1011004447937,33.39608009338379,32.38408000946045,,61.23068336009604,0.8270797246502468,0.6215664835668586,0.2055132410833882,37.49150882028262,34.1011004447937,30.71069206930478,87.31759756447637,90.30084033833572,AUMI
2024-08-28,35.279998779296875,35.279998779296875,35.0,35.099998474121094,35.099998474121094,1500,35.76240005493164,35.63900032043457,34.15555028915405,33.49474006652832,32.4222799873352,,55.61670704749856,0.7562914537903183,0.6485114776115506,0.10777997617876767,37.57329014235289,34.15555028915405,30.737810435955215,78.49414631704661,85.14479943073775,AUMI
2024-08-29,34.18000030517578,35.77899932861328,34.18000030517578,35.52000045776367,35.52000045776367,2000,35.660400390625,35.80300025939941,34.269550228118895,33.5961400604248,32.46502998352051,,58.43333140500423,0.7257162835349078,0.663952438796222,0.06176384473868579,37.70955905959378,34.269550228118895,30.82954139664401,73.75087636134633,79.85420674762308,AUMI
2024-08-30,35.36000061035156,35.36000061035156,35.099998474121094,35.099998474121094,35.099998474121094,300,35.45839996337891,35.797999954223634,34.38955011367798,33.665880012512204,32.49772996902466,,54.695290686130924,0.659986675283136,0.6631592860936049,-0.0031726108104688233,37.76909041135411,34.38955011367798,31.010009816001848,63.107126409861394,71.78404969608475,AUMI
2024-09-03,34.599998474121094,34.599998474121094,33.709999084472656,33.91999816894531,33.91999816894531,1200,35.07039947509766,35.60619964599609,34.49704999923706,33.723299980163574,32.5283299446106,,45.82562519901413,0.5068368248122255,0.6318947938373289,-0.12505796902510347,37.666711723748776,34.49704999923706,31.327388274725347,43.82930953708537,60.22910410276433,AUMI
2024-09-04,33.34000015258789,33.39400100708008,33.34000015258789,33.38999938964844,33.38999938964844,500,34.60599899291992,35.32719955444336,34.576699924469,33.76499996185303,32.54362993240356,,42.49253276850109,0.33879260259267596,0.5732743555883983,-0.23448175299572238,37.54460123213867,34.576699924469,31.60879861679933,20.098063813741486,42.34483325356272,AUMI
2024-09-05,34.09000015258789,34.220001220703125,34.029998779296875,34.220001220703125,34.220001220703125,1300,34.42999954223633,35.09619979858398,34.72519998550415,33.829419975280764,32.568429946899414,,48.776025224862515,0.2694841118484703,0.5125163068404127,-0.2430321949919424,37.281034372768005,34.72519998550415,32.16936559824029,12.122104650001639,25.349826000276135,AUMI
2024-09-06,33.7599983215332,33.7599983215332,32.849998474121094,32.849998474121094,32.849998474121094,200,33.895999145507815,34.77819976806641,34.77349987030029,33.87063995361328,32.592529926300045,,40.843264192565776,0.10282357536315345,0.4305777605449609,-0.32775418518180743,37.14241343017829,34.77349987030029,32.404586310422296,9.657326795661278,13.959165086468103,AUMI
2024-09-09,33.2400016784668,34.099998474121094,33.2400016784668,34.099998474121094,34.099998474121094,1300,33.69599914550781,34.57719955444336,34.85449981689453,33.92343994140625,32.6277299118042,,48.99425363514761,0.07079240204430448,0.3586206888448296,-0.28782828680052513,37.004895028000085,34.85449981689453,32.70410460578898,20.39938270971363,14.059604718458816,AUMI
2024-09-10,33.689998626708984,34.119998931884766,33.68000030517578,34.119998931884766,34.119998931884766,800,33.735999298095706,34.40319938659668,34.88999977111816,33.98123992919922,32.65792989730835,,49.115065601641525,0.04648548052442436,0.2961936471807486,-0.24970816665632423,36.96599130640832,34.88999977111816,32.814008235828005,22.702702145405894,17.586470550260234,AUMI
2024-09-11,33.935001373291016,34.619998931884766,33.935001373291016,34.619998931884766,34.619998931884766,600,33.981999206542966,34.293999099731444,34.90949974060059,34.04643989562988,32.69472988128662,,52.165401934106214,0.06679788696298772,0.2503144951371964,-0.18351660817420867,36.96757648590649,34.90949974060059,32.85142299529468,38.64864892729702,27.250244594138817,AUMI
2024-09-12,33.70000076293945,36.70000076293945,33.70000076293945,36.4900016784668,36.4900016784668,5400,34.4359992980957,34.43299942016601,35.035999870300294,34.15063991546631,32.74302989959717,,61.468564693459896,0.23112494430501584,0.24647658497076028,-0.015351640665744432,37.15518785965732,35.035999870300294,32.91681188094327,58.90255051080147,40.08463386116809,AUMI
2024-09-13,36.06999969482422,37.75,36.06999969482422,37.619998931884766,37.619998931884766,3900,35.38999938964844,34.642999267578126,35.22299976348877,34.249639930725095,32.815129890441895,,65.7973679271306,0.44737954284501313,0.28665717654561085,0.1607223662994023,37.55092276005616,35.22299976348877,32.895076766921385,79.91007990572693,59.153759781275106,AUMI
2024-09-16,37.08000183105469,37.52000045776367,37.08000183105469,37.459999084472656,37.459999084472656,1600,36.06199951171875,34.87899932861328,35.33849964141846,34.31943988800049,32.88582988739014,,64.68918563474337,0.5989479209064967,0.349115325417788,0.24983259548870873,37.8615200604042,35.33849964141846,32.815479222432714,95.3246717277816,78.04576738143663,AUMI
2024-09-17,37.439998626708984,37.689998626708984,37.29999923706055,37.61000061035156,37.61000061035156,1100,36.75999984741211,35.247999572753905,35.427099609375,34.4004398727417,32.95522989273071,,65.27958834538153,0.7228383910144487,0.4238599385371201,0.29897845247732857,38.13196100620582,35.427099609375,32.72223821254418,96.19046803466337,90.47507322272394,AUMI
2024-09-18,37.58000183105469,37.58000183105469,36.75,36.75,36.75,1000,37.18600006103516,35.58399963378906,35.45559959411621,34.4604398727417,33.01462989807129,,59.171045582449636,0.7430620623129869,0.4877003632922935,0.2553616990206934,38.20326539924976,35.45559959411621,32.70793378898266,90.27210979681422,93.92908318641969,AUMI
2024-09-19,37.149898529052734,37.66999816894531,37.149898529052734,37.66999816894531,37.66999816894531,1808,37.42199935913086,35.92899932861328,35.512599563598634,34.52223979949951,33.076629886627195,,63.1442288750987,0.8238290426215684,0.5549260991581485,0.2689029434634199,38.39123064076584,35.512599563598634,32.63396848643143,91.7006745524479,92.72108412797512,AUMI
